dependencies,<builtin>.input,<builtin>.print,customer.Customer.create_customer,database.Database.__init__,database.Database.create_connection,database.Database.create_tables,order.Order.create_order,orderdetail.Orderdetail.create_orderdetail,os.getcwd,os.path.join,product.Product.create_product,sqlite3.connect
salie.__init__,0,0,0,0,0,0,0,0,0,0,0,0
salie.main,1,1,0,0,0,0,0,0,0,0,0,0
salie.database.Database,0,0,0,0,0,0,0,0,0,0,0,0
salie.database.Database.__init__,0,0,0,0,1,1,0,0,1,1,0,0
salie.database.Database.create_connection,0,1,0,0,0,0,0,0,0,0,0,1
salie.database,0,0,0,1,0,0,0,0,0,0,0,0
salie.database.Database.create_tables,0,1,0,0,0,0,0,0,0,0,0,0
salie.database.Database.close_connection,0,0,0,0,0,0,0,0,0,0,0,0
salie.order,0,0,0,0,0,0,0,0,0,0,0,0
salie.order.Order,0,0,0,0,0,0,0,0,0,0,0,0
salie.order.Order.__init__,0,0,0,0,0,0,1,0,0,0,0,0
salie.order.Order.create_order,0,1,0,0,0,0,0,0,0,0,0,0
salie.order.Order.view_orders,0,1,0,0,0,0,0,0,0,0,0,0
salie.order.Order.search_order,0,1,0,0,0,0,0,0,0,0,0,0
salie.customer.Customer.view_customers,0,1,0,0,0,0,0,0,0,0,0,0
salie.customer.Customer.delete_customer,0,1,0,0,0,0,0,0,0,0,0,0
salie.customer.Customer.search_customer,0,1,0,0,0,0,0,0,0,0,0,0
salie.customer,0,0,0,0,0,0,0,0,0,0,0,0
salie.customer.Customer.create_customer,0,1,0,0,0,0,0,0,0,0,0,0
salie.customer.Customer.edit_customer,0,0,0,0,0,0,0,0,0,0,0,0
salie.customer.Customer.__init__,0,0,1,0,0,0,0,0,0,0,0,0
salie.customer.Customer,0,0,0,0,0,0,0,0,0,0,0,0
salie.util,0,0,0,0,0,0,0,0,0,0,0,0
salie.util.print_main_menu,0,1,0,0,0,0,0,0,0,0,0,0
salie.util.print_orders_menu,0,1,0,0,0,0,0,0,0,0,0,0
salie.util.print_customers_menu,0,1,0,0,0,0,0,0,0,0,0,0
salie.util.print_products_menu,0,1,0,0,0,0,0,0,0,0,0,0
salie.util.print_finance_menu,0,1,0,0,0,0,0,0,0,0,0,0
salie.orderdetail.Orderdetail.__init__,0,0,0,0,0,0,0,1,0,0,0,0
salie.orderdetail.Orderdetail.view_orderdetails,0,1,0,0,0,0,0,0,0,0,0,0
salie.orderdetail.Orderdetail,0,0,0,0,0,0,0,0,0,0,0,0
salie.orderdetail,0,0,0,0,0,0,0,0,0,0,0,0
salie.orderdetail.Orderdetail.create_orderdetail,0,1,0,0,0,0,0,0,0,0,0,0
salie.sales.Sales,0,0,0,0,0,0,0,0,0,0,0,0
salie.sales,0,0,0,0,0,0,0,0,0,0,0,0
salie.product.Product.search_product,0,1,0,0,0,0,0,0,0,0,0,0
salie.product.Product.create_product,0,1,0,0,0,0,0,0,0,0,0,0
salie.product.Product.view_products,0,1,0,0,0,0,0,0,0,0,0,0
salie.product.Product.delete_product,0,1,0,0,0,0,0,0,0,0,0,0
salie.product.Product,0,0,0,0,0,0,0,0,0,0,0,0
salie.product.Product.__init__,0,0,0,0,0,0,0,0,0,0,1,0
salie.product,0,0,0,0,0,0,0,0,0,0,0,0
